Municipality,Barangay,Area Name,Total Population,Household Population,Number of Households,Total Male,Total Female,Number of Disabled,Number of OCWs
03,000,NAVOTAS,229039,228949,49471,115430,113609,2418,3480
03,001,Sipac-Almacen,8191,8191,1737,4146,4045,71,81
03,002,Bagumbayan North,2912,2912,641,1441,1471,23,41
03,003,Bagumbayan South,4397,4397,844,2172,2225,51,47
03,004,Bangculasi,5849,5849,1261,2995,2854,103,54
03,005,Daanghari,14692,14692,3011,7438,7254,160,102
03,006,Navotas East,2929,2915,641,1443,1486,20,45
03,007,Navotas West,7210,7210,1561,3674,3536,79,92
03,008,North Bay Blvd. North,13217,13217,2830,6712,6505,43,58
03,009,North Bay Blvd. South,72528,72452,16035,36496,36032,1024,1482
03,010,San Jose (Pob.),22558,22558,4557,11223,11335,184,558
03,011,San Rafael Village,4888,4888,1213,2417,2471,17,12
03,012,San Roque,21117,21117,4561,10705,10412,91,224
03,013,Tangos,29497,29497,6316,14956,14541,256,460
03,014,Tanza,19054,19054,4263,9612,9442,296,224
