Municipality,Barangay,Area Name,Total Population,Household Population,Number of Households,Total Male,Total Female,Number of Disabled,Number of OCWs
06,000,PATEROS,55286,55227,11377,27230,28056,452,1266
06,001,Aguho,5643,5643,1173,2805,2838,62,138
06,002,Magtanggol,1737,1737,389,831,906,1,33
06,003,Martires del 96,3800,3800,761,1835,1965,25,119
06,004,Poblacion,2388,2373,511,1134,1254,7,52
06,005,San Pedro,2087,2087,438,970,1117,6,56
06,006,San Roque,4202,4202,777,2015,2187,22,113
06,007,Santa Ana,22239,22195,4520,11175,11064,217,431
06,008,Sto.Rosario-Kanluran,6678,6678,1354,3262,3416,69,160
06,009,Sto.Rosario-Silangan,3561,3561,718,1766,1795,25,120
06,010,Tabacalera,2951,2951,736,1437,1514,18,44
